year,budgetmen,budgetwomen
2008,1327.68353,145.612509
2009,916.837511,159.58912
2010,1245.541186,170.280245
2011,1173.711696,182.157622
2012,1123.056926,199.067379
2013,1073.09,171.16
2014,852.6,138.71
2015,1017.03,198.96
2016,1218.69,150.63
2017,1092.11,199.05
2018,942.08,179.13