year,movies,budget,total
2008,44,145.612509,1490.453372
2009,44,159.58912,1098.682694
2010,48,170.280245,1439.014068
2011,55,182.157622,1389.034642
2012,59,199.067379,1342.33
2013,58,171.16,1254.9
2014,53,138.71,994.13
2015,63,198.96,1224.19
2016,62,150.63,1388.47
2017,68,199.05,1327.93
2018,70,179.13,1125.54