year,movies,budget,total
2008,189,1327.68353,1490.453372
2009,182,916.837511,1098.682694
2010,209,1245.541186,1439.014068
2011,208,1173.711696,1389.034642
2012,212,1123.056926,1342.33
2013,206,1073.09,1254.9
2014,200,852.6,994.13
2015,232,1017.03,1224.19
2016,212,1218.69,1388.47
2017,221,1092.11,1327.93
2018,225,942.08,1125.54